Site,Col_Company,Col_Recruit,Col_detail,Col_url
Saramin,현대해상화재보험(주),2025년 현대해상 대졸 신입사원 채용(디지털/데이터분석),"['서울 종로구', '신입', '대졸↑', '정규직']",https://www.saramin.co.kr/zf_user/jobs/relay/view?view_type=search&rec_idx=51826221&location=ts&searchword=%EB%8D%B0%EC%9D%B4%ED%84%B0%EB%B6%84%EC%84%9D&searchType=search&paid_fl=n&search_uuid=2863e4ee-067a-4771-9a29-19f206e370a8
Saramin,NH농협은행(주),NH농협은행 데이터사업부데이터분석지원 일반계약직 직원 채용,"['서울 중구', '경력무관', '학력무관', '계약직']",https://www.saramin.co.kr/zf_user/jobs/relay/view?view_type=search&rec_idx=51801428&location=ts&searchword=%EB%8D%B0%EC%9D%B4%ED%84%B0%EB%B6%84%EC%84%9D&searchType=search&paid_fl=n&search_uuid=2863e4ee-067a-4771-9a29-19f206e370a8
Saramin,(주)에이치에스애드,2025년 하반기 대졸 채용연계형 인턴십 공고(AI데이터분석),"['서울 마포구', '신입', '대졸↑', '정규직·인턴직']",https://www.saramin.co.kr/zf_user/jobs/relay/view?view_type=search&rec_idx=51812343&location=ts&searchword=%EB%8D%B0%EC%9D%B4%ED%84%B0%EB%B6%84%EC%84%9D&searchType=search&paid_fl=n&search_uuid=2863e4ee-067a-4771-9a29-19f206e370a8
Saramin,(주)마크클라우드,"AI 개발(Python),데이터분석및 사업 기획 인턴 모집","['서울 강남구', '경력무관', '대졸↑', '인턴직']",https://www.saramin.co.kr/zf_user/jobs/relay/view?view_type=search&rec_idx=51822688&location=ts&searchword=%EB%8D%B0%EC%9D%B4%ED%84%B0%EB%B6%84%EC%84%9D&searchType=search&paid_fl=n&search_uuid=2863e4ee-067a-4771-9a29-19f206e370a8
Saramin,(주)인이지,[INEEJI] (주)인이지데이터분석가/AI엔지니어 전문가 채용,"['서울 서초구', '신입·경력', '대졸↑', '정규직·전문연구요원']",https://www.saramin.co.kr/zf_user/jobs/relay/view?view_type=search&rec_idx=51835736&location=ts&searchword=%EB%8D%B0%EC%9D%B4%ED%84%B0%EB%B6%84%EC%84%9D&searchType=search&paid_fl=n&search_uuid=2863e4ee-067a-4771-9a29-19f206e370a8
Saramin,(주)이엠넷,(주)이엠넷 솔루션기획자 및데이터분석가 경력직 채용,"['서울 구로구', '경력1년↑', '대졸↑', '정규직']",https://www.saramin.co.kr/zf_user/jobs/relay/view?view_type=search&rec_idx=51752331&location=ts&searchword=%EB%8D%B0%EC%9D%B4%ED%84%B0%EB%B6%84%EC%84%9D&searchType=search&paid_fl=n&search_uuid=2863e4ee-067a-4771-9a29-19f206e370a8
Saramin,휴먼IT교육센터_국비지원무료교육,[국비무료/숙식무료]AI/빅데이터분석/풀스택/KDT심화,"['서울 영등포구', '경력무관', '학력무관', '교육생']",https://www.saramin.co.kr/zf_user/jobs/relay/view?view_type=search&rec_idx=51794313&location=ts&searchword=%EB%8D%B0%EC%9D%B4%ED%84%B0%EB%B6%84%EC%84%9D&searchType=search&paid_fl=n&search_uuid=2863e4ee-067a-4771-9a29-19f206e370a8
Saramin,(주)핀인사이트,⭐인턴기회제공⭐핀테크 실무프로젝트 기반 생성형AI데이터분석과정 모집,"['서울전체', '경력무관', '학력무관', '교육생']",https://www.saramin.co.kr/zf_user/jobs/relay/view?view_type=search&rec_idx=51796816&location=ts&searchword=%EB%8D%B0%EC%9D%B4%ED%84%B0%EB%B6%84%EC%84%9D&searchType=search&paid_fl=n&search_uuid=2863e4ee-067a-4771-9a29-19f206e370a8
Saramin,(주)잡플러스코리아,"[TKL] 콜센터지원팀 총무 및 사무지원팀[물품관리,콜데이터분석]","['서울 마포구', '경력무관', '학력무관', '계약직·파견직', '3,200 만원']",https://www.saramin.co.kr/zf_user/jobs/relay/view?view_type=search&rec_idx=51604150&location=ts&searchword=%EB%8D%B0%EC%9D%B4%ED%84%B0%EB%B6%84%EC%84%9D&searchType=search&paid_fl=n&search_uuid=2863e4ee-067a-4771-9a29-19f206e370a8
Saramin,(주)잡플러스코리아,"[티케이엘리베이터코리아] 콜센터지원팀 물품관리,콜데이터분석","['서울 마포구', '경력무관', '학력무관', '계약직·파견직', '3,200 만원']",https://www.saramin.co.kr/zf_user/jobs/relay/view?view_type=search&rec_idx=51803485&location=ts&searchword=%EB%8D%B0%EC%9D%B4%ED%84%B0%EB%B6%84%EC%84%9D&searchType=search&paid_fl=n&search_uuid=2863e4ee-067a-4771-9a29-19f206e370a8
Saramin,(주)지바이크,[공유모빌리티 No.1 지쿠] 전략마케팅팀데이터분석전문가 모집,"['서울 강남구', '경력3년↑', '대졸↑', '정규직']",https://www.saramin.co.kr/zf_user/jobs/relay/view?view_type=search&rec_idx=51466770&location=ts&searchword=%EB%8D%B0%EC%9D%B4%ED%84%B0%EB%B6%84%EC%84%9D&searchType=search&paid_fl=n&search_uuid=2863e4ee-067a-4771-9a29-19f206e370a8
Saramin,트리노드(주),[서울/경력 5년 이상]데이터분석팀데이터분석가,"['서울 강남구', '경력5년↑', '학력무관', '정규직']",https://www.saramin.co.kr/zf_user/jobs/relay/view?view_type=search&rec_idx=51774386&location=ts&searchword=%EB%8D%B0%EC%9D%B4%ED%84%B0%EB%B6%84%EC%84%9D&searchType=search&paid_fl=n&search_uuid=2863e4ee-067a-4771-9a29-19f206e370a8
Saramin,주식회사 리만코리아,영업기획/데이터분석(주임~대리),"['서울 강남구', '경력 3~8년', '고졸↑', '정규직']",https://www.saramin.co.kr/zf_user/jobs/relay/view?view_type=search&rec_idx=51766896&location=ts&searchword=%EB%8D%B0%EC%9D%B4%ED%84%B0%EB%B6%84%EC%84%9D&searchType=search&paid_fl=n&search_uuid=2863e4ee-067a-4771-9a29-19f206e370a8
Saramin,콘센트릭스서비스코리아(유),[Catalyst] GA/AA데이터분석,"['서울 강남구', '경력1년↑', '학력무관', '정규직']",https://www.saramin.co.kr/zf_user/jobs/relay/view?view_type=search&rec_idx=51645478&location=ts&searchword=%EB%8D%B0%EC%9D%B4%ED%84%B0%EB%B6%84%EC%84%9D&searchType=search&paid_fl=n&search_uuid=2863e4ee-067a-4771-9a29-19f206e370a8
Saramin,(주)마크클라우드,"AI 개발(Python),데이터분석및 사업 기획 경력 모집","['서울 강남구', '경력2년↑', '석사↑', '정규직·인턴직']",https://www.saramin.co.kr/zf_user/jobs/relay/view?view_type=search&rec_idx=51712797&location=ts&searchword=%EB%8D%B0%EC%9D%B4%ED%84%B0%EB%B6%84%EC%84%9D&searchType=search&paid_fl=n&search_uuid=2863e4ee-067a-4771-9a29-19f206e370a8
Saramin,㈜이씨마이너,연구소 빅데이터분석/AI솔루션개발자/ Visual C++ 개발자 모집,"['서울 강남구', '경력무관', '대졸↑', '정규직', '3,500 만원']",https://www.saramin.co.kr/zf_user/jobs/relay/view?view_type=search&rec_idx=51715616&location=ts&searchword=%EB%8D%B0%EC%9D%B4%ED%84%B0%EB%B6%84%EC%84%9D&searchType=search&paid_fl=n&search_uuid=2863e4ee-067a-4771-9a29-19f206e370a8
Saramin,주식회사 테크핀레이팅스,데이터분석(5년 이상),"['서울 중구', '경력 5~20년', '대졸↑', '정규직']",https://www.saramin.co.kr/zf_user/jobs/relay/view?view_type=search&rec_idx=51774017&location=ts&searchword=%EB%8D%B0%EC%9D%B4%ED%84%B0%EB%B6%84%EC%84%9D&searchType=search&paid_fl=n&search_uuid=2863e4ee-067a-4771-9a29-19f206e370a8
Saramin,(주)브릭,데이터분석가(경력 3년 이상) 채용,"['경기 성남시 분당구', '경력3년↑', '대졸↑', '정규직']",https://www.saramin.co.kr/zf_user/jobs/relay/view?view_type=search&rec_idx=51716786&location=ts&searchword=%EB%8D%B0%EC%9D%B4%ED%84%B0%EB%B6%84%EC%84%9D&searchType=search&paid_fl=n&search_uuid=2863e4ee-067a-4771-9a29-19f206e370a8
Saramin,(주)씨티아이랩,데이터분석:AI 모델 개발자(경력 3년이상),"['경기 성남시 수정구', '경력3년↑', '대졸↑', '정규직']",https://www.saramin.co.kr/zf_user/jobs/relay/view?view_type=search&rec_idx=51666618&location=ts&searchword=%EB%8D%B0%EC%9D%B4%ED%84%B0%EB%B6%84%EC%84%9D&searchType=search&paid_fl=n&search_uuid=2863e4ee-067a-4771-9a29-19f206e370a8
Saramin,(주)비쥬웍스,[의료 분야]데이터분석가 경력직 채용,"['서울 서초구', '경력2년↑', '대졸↑', '정규직']",https://www.saramin.co.kr/zf_user/jobs/relay/view?view_type=search&rec_idx=51706670&location=ts&searchword=%EB%8D%B0%EC%9D%B4%ED%84%B0%EB%B6%84%EC%84%9D&searchType=search&paid_fl=n&search_uuid=2863e4ee-067a-4771-9a29-19f206e370a8
Saramin,(주)스마트뱅크,데이터분석/ RPA 운영 유경험자 채용,"['대전 유성구', '경력', '대졸↑', '정규직']",https://www.saramin.co.kr/zf_user/jobs/relay/view?view_type=search&rec_idx=51820659&location=ts&searchword=%EB%8D%B0%EC%9D%B4%ED%84%B0%EB%B6%84%EC%84%9D&searchType=search&paid_fl=n&search_uuid=2863e4ee-067a-4771-9a29-19f206e370a8
Saramin,(주)블루시그널,"(철도/교통/인공지능분야) 비전, 정형데이터분석,개발 AI연구원","['대전 유성구', '경력 2~5년', '대졸↑', '정규직']",https://www.saramin.co.kr/zf_user/jobs/relay/view?view_type=search&rec_idx=51709651&location=ts&searchword=%EB%8D%B0%EC%9D%B4%ED%84%B0%EB%B6%84%EC%84%9D&searchType=search&paid_fl=n&search_uuid=2863e4ee-067a-4771-9a29-19f206e370a8
Saramin,(주)해양정보기술,수치모델링/빅데이터분석및 딥러닝 부문채용,"['서울 금천구', '경력무관', '대졸↑', '정규직']",https://www.saramin.co.kr/zf_user/jobs/relay/view?view_type=search&rec_idx=51742263&location=ts&searchword=%EB%8D%B0%EC%9D%B4%ED%84%B0%EB%B6%84%EC%84%9D&searchType=search&paid_fl=n&search_uuid=2863e4ee-067a-4771-9a29-19f206e370a8
Saramin,(주)에이치엔비아시아,시스템(이카운트ERP)운영 및데이터분석담당자 채용(경력),"['서울 송파구', '경력4년↑', '대졸↑', '정규직']",https://www.saramin.co.kr/zf_user/jobs/relay/view?view_type=search&rec_idx=51796542&location=ts&searchword=%EB%8D%B0%EC%9D%B4%ED%84%B0%EB%B6%84%EC%84%9D&searchType=search&paid_fl=n&search_uuid=2863e4ee-067a-4771-9a29-19f206e370a8
Saramin,트리노드(주),[서울/경력 7년 이상]데이터분석팀- 데이터 분석 리더,"['서울 강남구', '경력7년↑', '학력무관', '정규직']",https://www.saramin.co.kr/zf_user/jobs/relay/view?view_type=search&rec_idx=51593674&location=ts&searchword=%EB%8D%B0%EC%9D%B4%ED%84%B0%EB%B6%84%EC%84%9D&searchType=search&paid_fl=n&search_uuid=2863e4ee-067a-4771-9a29-19f206e370a8
Saramin,주식회사 테크핀레이팅스,[신용평가사]데이터분석(5년 이상),"['서울 중구', '경력5년↑', '학력무관', '정규직']",https://www.saramin.co.kr/zf_user/jobs/relay/view?view_type=search&rec_idx=51603209&location=ts&searchword=%EB%8D%B0%EC%9D%B4%ED%84%B0%EB%B6%84%EC%84%9D&searchType=search&paid_fl=n&search_uuid=2863e4ee-067a-4771-9a29-19f206e370a8
Saramin,베스트네트워크㈜,32. 인재개발원데이터분석/진단 [대기업],"['서울 강남구', '경력 7~11년', '대졸↑', '정규직']",https://www.saramin.co.kr/zf_user/jobs/relay/view?view_type=search&rec_idx=51803177&location=ts&searchword=%EB%8D%B0%EC%9D%B4%ED%84%B0%EB%B6%84%EC%84%9D&searchType=search&paid_fl=n&search_uuid=2863e4ee-067a-4771-9a29-19f206e370a8
Saramin,(주)베스트에치알 (Best HR),(주)베스트에치알 헬스케어서비스 DA데이터분석주임대리급 채용,"['서울 강남구', '경력 3~6년', '대졸↑', '정규직']",https://www.saramin.co.kr/zf_user/jobs/relay/view?view_type=search&rec_idx=51842474&location=ts&searchword=%EB%8D%B0%EC%9D%B4%ED%84%B0%EB%B6%84%EC%84%9D&searchType=search&paid_fl=n&search_uuid=2863e4ee-067a-4771-9a29-19f206e370a8
Saramin,㈜ 에프앤이그재큐티브,"[대기업지주사] (HR) 진단,데이터분석담당 실무자","['서울 마포구', '경력7년↑', '대졸↑', '정규직']",https://www.saramin.co.kr/zf_user/jobs/relay/view?view_type=search&rec_idx=51703945&location=ts&searchword=%EB%8D%B0%EC%9D%B4%ED%84%B0%EB%B6%84%EC%84%9D&searchType=search&paid_fl=n&search_uuid=2863e4ee-067a-4771-9a29-19f206e370a8
Saramin,(주)동인코퍼레이션,BI / OLAP /데이터분석엔지니어 채용,"['서울 송파구', '경력 5~10년', '초대졸↑', '정규직']",https://www.saramin.co.kr/zf_user/jobs/relay/view?view_type=search&rec_idx=51705140&location=ts&searchword=%EB%8D%B0%EC%9D%B4%ED%84%B0%EB%B6%84%EC%84%9D&searchType=search&paid_fl=n&search_uuid=2863e4ee-067a-4771-9a29-19f206e370a8
Saramin,(주)오진양행,(주)오진양행 자재데이터분석경력직 채용,"['서울 강남구', '경력2년↑', '고졸↑', '정규직']",https://www.saramin.co.kr/zf_user/jobs/relay/view?view_type=search&rec_idx=51802299&location=ts&searchword=%EB%8D%B0%EC%9D%B4%ED%84%B0%EB%B6%84%EC%84%9D&searchType=search&paid_fl=n&search_uuid=2863e4ee-067a-4771-9a29-19f206e370a8
Saramin,SK(주) AX,IIoT 기반 진단모니터링 구축 및데이터분석전문가 영입,"['경기 성남시 분당구', '경력 5~10년', '대졸↑', '정규직']",https://www.saramin.co.kr/zf_user/jobs/relay/view?view_type=search&rec_idx=51527235&location=ts&searchword=%EB%8D%B0%EC%9D%B4%ED%84%B0%EB%B6%84%EC%84%9D&searchType=search&paid_fl=n&search_uuid=2863e4ee-067a-4771-9a29-19f206e370a8
Saramin,(주)엠제이코리아,[화성시/반월동/연2700]ERP사용/데이터분석/타이핑/주차O/식사O,"['경기 화성시', '경력1년↑', '고졸↑', '파견직', '2,700 만원']",https://www.saramin.co.kr/zf_user/jobs/relay/view?view_type=search&rec_idx=51754654&location=ts&searchword=%EB%8D%B0%EC%9D%B4%ED%84%B0%EB%B6%84%EC%84%9D&searchType=search&paid_fl=n&search_uuid=2863e4ee-067a-4771-9a29-19f206e370a8
Saramin,(주)헬로서치,[유명게임사] 게임데이터분석가,"['경기 성남시 분당구', '경력7년↑', '대졸↑', '정규직']",https://www.saramin.co.kr/zf_user/jobs/relay/view?view_type=search&rec_idx=51816167&location=ts&searchword=%EB%8D%B0%EC%9D%B4%ED%84%B0%EB%B6%84%EC%84%9D&searchType=search&paid_fl=n&search_uuid=2863e4ee-067a-4771-9a29-19f206e370a8
Saramin,(주)아이트럭,IMC마케팅팀장(퍼포먼스마케터 및데이터분석가),"['서울 서초구', '경력 7~12년', '대졸↑', '정규직']",https://www.saramin.co.kr/zf_user/jobs/relay/view?view_type=search&rec_idx=51407432&location=ts&searchword=%EB%8D%B0%EC%9D%B4%ED%84%B0%EB%B6%84%EC%84%9D&searchType=search&paid_fl=n&search_uuid=2863e4ee-067a-4771-9a29-19f206e370a8
Saramin,주식회사 티시스 아이티,2025년 (주)티시스아이티데이터분석경력사원 모집(~12/31),"['서울 중구', '경력10년↑', '초대졸↑', '정규직']",https://www.saramin.co.kr/zf_user/jobs/relay/view?view_type=search&rec_idx=51734935&location=ts&searchword=%EB%8D%B0%EC%9D%B4%ED%84%B0%EB%B6%84%EC%84%9D&searchType=search&paid_fl=n&search_uuid=2863e4ee-067a-4771-9a29-19f206e370a8
Saramin,리뉴피플 주식회사,대규모거래데이터분석경력 채용,"['서울 강남구', '경력 7~12년', '학력무관', '정규직']",https://www.saramin.co.kr/zf_user/jobs/relay/view?view_type=search&rec_idx=51839024&location=ts&searchword=%EB%8D%B0%EC%9D%B4%ED%84%B0%EB%B6%84%EC%84%9D&searchType=search&paid_fl=n&search_uuid=2863e4ee-067a-4771-9a29-19f206e370a8
Saramin,리뉴피플 주식회사,비즈니스데이터분석경력 채용,"['서울 강남구', '경력 7~12년', '학력무관', '정규직']",https://www.saramin.co.kr/zf_user/jobs/relay/view?view_type=search&rec_idx=51839026&location=ts&searchword=%EB%8D%B0%EC%9D%B4%ED%84%B0%EB%B6%84%EC%84%9D&searchType=search&paid_fl=n&search_uuid=2863e4ee-067a-4771-9a29-19f206e370a8
Saramin,주식회사맨파워써치,데이터분석과(차)장급 경력사원 모집,"['서울 중구', '경력 10~16년', '대졸↑', '정규직']",https://www.saramin.co.kr/zf_user/jobs/relay/view?view_type=search&rec_idx=51730159&location=ts&searchword=%EB%8D%B0%EC%9D%B4%ED%84%B0%EB%B6%84%EC%84%9D&searchType=search&paid_fl=n&search_uuid=2863e4ee-067a-4771-9a29-19f206e370a8
Saramin,콘센트릭스서비스코리아(유),[Catalyst]데이터분석컨설턴트 (과차장급),"['서울 강남구', '경력 5~12년', '학력무관', '정규직']",https://www.saramin.co.kr/zf_user/jobs/relay/view?view_type=search&rec_idx=51681595&location=ts&searchword=%EB%8D%B0%EC%9D%B4%ED%84%B0%EB%B6%84%EC%84%9D&searchType=search&paid_fl=n&search_uuid=2863e4ee-067a-4771-9a29-19f206e370a8
